rnc,razonSocial,nombreComercial,tipoContribuyente,categoriaContribuyente,regimenTributario,actividadEconomica,estadoRNC,estadoCumplimiento,obligacionesActivas,domicilioFiscal,provincia,municipio,concepto,numeroReferencia,fechaEmision,fechaVencimiento,individualId
131000001,Ferretería El Yunque SRL,Ferre El Yunque,PERSONA_JURIDICA,MIPYME,ORDINARIO,Venta al por menor de artículos de ferretería,ACTIVO,AL_DIA,ISR;ITBIS,Calle Duarte 45,Distrito Nacional,Santo Domingo de Guzmán,Certificación de Cumplimiento de Obligaciones Fiscales,CERT-OFV-2026-000001,2026-07-15,2026-10-13,131000001
131000002,Distribuidora Los Almendros SAS,Almendros Distribución,PERSONA_JURIDICA,NORMAL,ORDINARIO,Venta al por mayor de alimentos,ACTIVO,EN_MORA,ISR;ITBIS;RETENCIONES,Av. 27 de Febrero 210,Santiago,Santiago de los Caballeros,Certificación de Cumplimiento de Obligaciones Fiscales,CERT-OFV-2026-000002,2026-07-15,2026-10-13,131000002
131000003,Panadería La Espiga Dorada SRL,La Espiga Dorada,PERSONA_JURIDICA,MIPYME,RST,Elaboración de productos de panadería,ACTIVO,AL_DIA,RST,Calle Sánchez 12,La Vega,Concepción de La Vega,Certificación de Cumplimiento de Obligaciones Fiscales,CERT-OFV-2026-000003,2026-07-15,2026-10-13,131000003
131000004,Consultores Fiscales Andrade & Asociados SRL,Andrade Asociados,PERSONA_JURIDICA,NORMAL,ORDINARIO,Actividades de contabilidad y auditoría,ACTIVO,AL_DIA,ISR;ITBIS,Av. Winston Churchill 1550,Distrito Nacional,Santo Domingo de Guzmán,Certificación de Cumplimiento de Obligaciones Fiscales,CERT-OFV-2026-000004,2026-07-15,2026-10-13,131000004
131000005,Transporte y Logística del Cibao SAS,TransCibao,PERSONA_JURIDICA,GRAN_CONTRIBUYENTE,ORDINARIO,Transporte de carga por carretera,ACTIVO,EN_MORA,ISR;ITBIS;RETENCIONES;ISC,Autopista Duarte Km 8,Santiago,Santiago de los Caballeros,Certificación de Cumplimiento de Obligaciones Fiscales,CERT-OFV-2026-000005,2026-07-15,2026-10-13,131000005
131000006,Farmacia San Rafael SRL,Farmacia San Rafael,PERSONA_JURIDICA,MIPYME,ORDINARIO,Venta al por menor de productos farmacéuticos,ACTIVO,EN_MORA,ISR;ITBIS,Calle Mella 78,San Cristóbal,San Cristóbal,Certificación de Cumplimiento de Obligaciones Fiscales,CERT-OFV-2026-000006,2026-07-15,2026-10-13,131000006
131000007,Textiles del Este SAS,TexEste,PERSONA_JURIDICA,NORMAL,ORDINARIO,Fabricación de prendas de vestir,ACTIVO,AL_DIA,ISR;ITBIS;RETENCIONES,"Zona Franca Industrial, Nave 12",La Romana,La Romana,Certificación de Cumplimiento de Obligaciones Fiscales,CERT-OFV-2026-000007,2026-07-15,2026-10-13,131000007
131000008,Agropecuaria Valle Verde SRL,Valle Verde,PERSONA_JURIDICA,MIPYME,RST,Cultivo de arroz,ACTIVO,AL_DIA,RST,Sección Los Llanos s/n,Duarte,San Francisco de Macorís,Certificación de Cumplimiento de Obligaciones Fiscales,CERT-OFV-2026-000008,2026-07-15,2026-10-13,131000008
131000009,Constructora Peralta Hermanos SAS,Peralta Hermanos,PERSONA_JURIDICA,GRAN_CONTRIBUYENTE,ORDINARIO,Construcción de edificios,ACTIVO,EN_MORA,ISR;ITBIS;RETENCIONES,Av. Estrella Sadhalá 90,Santiago,Santiago de los Caballeros,Certificación de Cumplimiento de Obligaciones Fiscales,CERT-OFV-2026-000009,2026-07-15,2026-10-13,131000009
131000010,Servicios Tecnológicos Quisqueya SRL,TecnoQuisqueya,PERSONA_JURIDICA,NORMAL,ORDINARIO,Programación informática,ACTIVO,AL_DIA,ISR;ITBIS,Calle El Sol 33,Distrito Nacional,Santo Domingo de Guzmán,Certificación de Cumplimiento de Obligaciones Fiscales,CERT-OFV-2026-000010,2026-07-15,2026-10-13,131000010
40299000011,Colmado y Provisiones Doña Altagracia,Colmado Altagracia,PERSONA_FISICA,MIPYME,RST,Venta al por menor en colmados,ACTIVO,AL_DIA,RST,"Calle Primera 5, Los Mina",Santo Domingo,Santo Domingo Este,Certificación de Cumplimiento de Obligaciones Fiscales,CERT-OFV-2026-000011,2026-07-15,2026-10-13,40299000011
40299000012,José Manuel Reyes Fernández,,PERSONA_FISICA,MIPYME,RST,Servicios profesionales independientes,ACTIVO,AL_DIA,RST,Calle Las Flores 22,Puerto Plata,San Felipe de Puerto Plata,Certificación de Cumplimiento de Obligaciones Fiscales,CERT-OFV-2026-000012,2026-07-15,2026-10-13,40299000012
40299000013,María Altagracia Núñez Peña,Salón MA Núñez,PERSONA_FISICA,MIPYME,RST,Peluquería y otros tratamientos de belleza,ACTIVO,EN_MORA,RST,Av. Independencia 140,Distrito Nacional,Santo Domingo de Guzmán,Certificación de Cumplimiento de Obligaciones Fiscales,CERT-OFV-2026-000013,2026-07-15,2026-10-13,40299000013
40299000014,Pedro Antonio Jiménez Castillo,,PERSONA_FISICA,NORMAL,ORDINARIO,Servicios de consultoría de gestión,ACTIVO,AL_DIA,ISR;ITBIS,Calle Duarte 8,Espaillat,Moca,Certificación de Cumplimiento de Obligaciones Fiscales,CERT-OFV-2026-000014,2026-07-15,2026-10-13,40299000014
131000015,Importadora del Caribe SAS,ImporCaribe,PERSONA_JURIDICA,GRAN_CONTRIBUYENTE,ORDINARIO,Venta al por mayor de electrodomésticos,ACTIVO,AL_DIA,ISR;ITBIS;RETENCIONES;ISC,Av. John F. Kennedy 500,Distrito Nacional,Santo Domingo de Guzmán,Certificación de Cumplimiento de Obligaciones Fiscales,CERT-OFV-2026-000015,2026-07-15,2026-10-13,131000015
131000016,Repuestos Automotrices El Motor SRL,El Motor,PERSONA_JURIDICA,MIPYME,ORDINARIO,Venta de partes y accesorios de vehículos,SUSPENDIDO,EN_MORA,ISR;ITBIS,Av. Máximo Gómez 77,Distrito Nacional,Santo Domingo de Guzmán,Certificación de Cumplimiento de Obligaciones Fiscales,CERT-OFV-2026-000016,2026-07-15,2026-10-13,131000016
131000017,Hotel Brisas del Atlántico SAS,Brisas del Atlántico,PERSONA_JURIDICA,NORMAL,ORDINARIO,Actividades de alojamiento turístico,ACTIVO,AL_DIA,ISR;ITBIS;RETENCIONES,"Malecón 3, Cabarete",Puerto Plata,Sosúa,Certificación de Cumplimiento de Obligaciones Fiscales,CERT-OFV-2026-000017,2026-07-15,2026-10-13,131000017
40299000018,Ana Lucía Vásquez Martínez,,PERSONA_FISICA,MIPYME,RST,Diseño gráfico y publicidad,ACTIVO,AL_DIA,RST,Calle El Conde 101,Distrito Nacional,Santo Domingo de Guzmán,Certificación de Cumplimiento de Obligaciones Fiscales,CERT-OFV-2026-000018,2026-07-15,2026-10-13,40299000018
